{"ACC": 0.9064885496183206, "model_built": true, "J": 0.854870578936969, "auc": 0.9653477573602054, "hits_total": 87.0, "F05": 0.5128205128205128, "objective": "J", "all_hits": ["DB00813", "DB04946", "DB00540", "DB00543", "DB01176", "DB01174", "DB00472", "DB00477", "DB00176", "DB00268", "DB01558", "DB01247", "DB00575", "DB01242", "DB06148", "DB01062", "DB01100", "DB01068", "DB01069", "DB01105", "DB04844", "DB00285", "DB00280", "DB00564", "DB06700", "DB00370", "DB00376", "DB00215", "DB00216", "DB00745", "DB00211", "DB01618", "DB08815", "DB01267", "DB00458", "DB00842", "DB01184", "DB00450", "DB00454", "DB00363", "DB01608", "DB01043", "DB00734", "DB01595", "DB00915", "DB00502", "DB01198", "DB01356", "DB00850", "DB00623", "DB00186", "DB00422", "DB00182", "DB00590", "DB00338", "DB00334", "DB01037", "DB00843", "DB00726", "DB01149", "DB00904", "DB00829", "DB00988", "DB00433", "DB00656", "DB00152", "DB00321", "DB00490", "DB00323", "DB00934", "DB01238", "DB00831", "DB01233", "DB00408", "DB00234", "DB01136", "DB00404", "DB01156", "DB00889", "DB01151", "DB00669", "DB00313", "DB05271", "DB01221", "DB01224", "DB00557", "DB00555"], "FDR": 0.5402298850574713, "FPR": 0.0975103734439834, "threshold": 0.07397315167301143, "REC": 0.9523809523809523, "new_hits": ["DB00656", "DB01062", "DB01356", "DB00590", "DB01068", "DB01105", "DB00313", "DB00813", "DB00280", "DB00829", "DB04946", "DB01198", "DB01595", "DB00934", "DB06700", "DB00669", "DB00234", "DB00370", "DB01136", "DB00152", "DB00540", "DB00216", "DB01156", "DB00889", "DB00338", "DB01176", "DB01174", "DB00745", "DB05271", "DB00211", "DB00726", "DB01618", "DB00557", "DB00490", "DB00904", "DB00458", "DB00842", "DB01184", "DB01221", "DB00988", "DB00454", "DB00404", "DB00268", "DB01558", "DB00555", "DB01247", "DB00575"], "predictors": {"DRUG_TARGETS": ["P18825", "P28221", "P28222", "P28223", "Q01959", "P35462", "P46098", "P28566", "P11229", "Q9H3N8", "P34969", "P08912", "P21728", "P08913", "P14416", "P23975", "P08172", "P08173", "P28335", "P18089", "P21918", "P41595", "P35368", "P35367", "P35348", "P21917", "P62158", "P25100", "P50406", "P20309", "P08908", "P31645"], "INDICATED_FOR": ["C0151611", "C0424091", "C0686347", "C0233514", "C0344315", "C0085631", "C0036341", "C0022107", "C0242422", "C0027404", "C0853193", "C0349231", "C1269683", "C0600104", "C0233697", "C0015371", "C0233415", "C0004936", "C0270549", "C0917799", "C0001807", "C0233472", "C0028768", "C0233477", "C0233494", "C0679048", "C0497327", "C0018379", "C0030567", "C1306341", "C0042963", "C0003467", "C0033975", "C0086769", "C0085633", "C0002395", "C0011570", "C0026266", "C0424000", "C0040517", "C0233414", "C0027497", "C0036337", "C0005586", "C0424295", "C0038663", "C0011269", "C0700361", "C0013384", "C0338831", "C0013146", "C0554976", "C0231218", "C0013415"], "HAS_SIDE_EFFECT": ["C0497156", "C0013456", "C0856054", "C0267596", "C0037036", "C0033860", "C0032961", "C0003578", "C0011253", "C0559031", "C0231530", "C0595930", "C0026603", "C1608410", "C0343494", "C0003873", "C0043352", "C0030446", "C0020639", "C0036358", "C0235969", "C0233763", "C0080274", "C1320474", "C0340464", "C0002170", "C0428977", "C0017979", "C0004044", "C0522055", "C0038454", "C0032290", "C0017574", "C0035258", "C2830004", "C0028084", "C1527311", "C0085628", "C0014130", "C0040261", "C0015402", "C0011849", "C0013428", "C0020443", "C0233407", "C0019079", "C0040822", "C0014553", "C0520888", "C0042075", "C0025345", "C0853592", "C0003431", "C0014724", "C1112442", "C0022346", "C0003537", "C0013384", "C0521509", "C0231471", "C0917798", "C0917799", "C0233471", "C0233472", "C0040485", "C0233477", "C0018418", "C1611167", "C0151571", "C0017601", "C0039231", "C0017605", "C0039239", "C0520589", "C0346156", "C0030318", "C0028754", "C0575090", "C0030312", "C0011168", "C0011206", "C0151878", "C0338831", "C2584688", "C0039614", "C0920289", "C0877322", "C0019521", "C0024141", "C0001807", "C0025160", "C2242577", "C0029878", "C0008350", "C0917801", "C0262385", "C0034359", "C0016034", "C0041657", "C0042035", "C0242350", "C0026961", "C0853034", "C0026884", "C1112182", "C1263960", "C0015967", "C0278134", "C0014868", "C0392676", "C0020538", "C0011880", "C0034186", "C0031485", "C0003811", "C0030297", "C0274702", "C0027822", "C0227791", "C0240322", "C0085632", "C0233794", "C0025874", "C0011124", "C0013595", "C0151474", "C0020625", "C0020624", "C0020580", "C0948089", "C0029927", "C0151998", "C0086769", "C0011334", "C0019112", "C0012833", "C0004134", "C0151538", "C0392156", "C0852911", "C1274594", "C0004245", "C0085583", "C0312420", "C0427160", "C0003635", "C0549209", "C0575081", "C0022408", "C0035410", "C0152128", "C0043096", "C0043094", "C0007642", "C0151610", "C0009806", "C0085637", "C0085631", "C0085633", "C0011053", "C0040409", "C0853193", "C0020578", "C0022904", "C0020473", "C0041105", "C0018790", "C0014549", "C0679048", "C0028961", "C0497327", "C0424448", "C0013390", "C0085649", "C0011570", "C1510472", "C0233697", "C0424000", "C0234930", "C0836924", "C0232461", "C0232462", "C1321686", "C0233469", "C0151564", "C0002453", "C0007859", "C0028768", "C0001925", "C0041969", "C0011175", "C0013404", "C0020651", "C0239779", "C0029408", "C1142011", "C0013447", "C1142017", "C0018939", "C0023052", "C0001818", "C0039520", "C0520966", "C0549567", "C0877338", "C0549249", "C0392168", "C0232849", "C0151818", "C0015371", "C0008325", "C0151632", "C0242339", "C0151636", "C0034880", "C0085641", "C0522178", "C0520821", "C0234022", "C0042024", "C1167965", "C0392525", "C0042023", "C0005741", "C0005747", "C0027796", "C0851578", "C0085606", "C0009319", "C0085602", "C0021843", "C3248383", "C0020505", "C0341047", "C0040435", "C0855329", "C0039070", "C0549391", "C0026827", "C0026826", "C0149871", "C0032285", "C0036508", "C0234458", "C0518988", "C0948525", "C0026650", "C0032617", "C0020615", "C0241442", "C0085623", "C0042267", "C0233494", "C0013220", "C0028850", "C0150450", "C0004096", "C0151596", "C0424230", "C0455204", "C0036572", "C0030232", "C0019572", "C0001916", "C0009421", "C0017675", "C0036974", "C0035309", "C0860811", "C0029456", "C1504343", "C0023066", "C0023067", "C1269683", "C0041747", "C0086132", "C0026837", "C0019270", "C0021400", "C2225524", "C0543467", "C0038587", "C0549622", "C0030794", "C0002622", "C0241934", "C0032326", "C0040479", "C0043049", "C0043387", "C0393761", "C0393760", "C0027066", "C0006384", "C0033117", "C0235074", "C0042018", "C0264886", "C0013362", "C0007398", "C0854082", "C0027424", "C0039621", "C0236071", "C0423791", "C0017160", "C0278151", "C0018021", "C0852733", "C0160390", "C0037822", "C0035305", "C0003467", "C0033975", "C0024902", "C0549405", "C0314719", "C0010692", "C0021141", "C0233632", "C1442903", "C0038663", "C0023518", "C0003860", "C0002957", "C0003864", "C0020649", "C0870082", "C0012569", "C0018843", "C0235086", "C0009676", "C0151786", "C0004936", "C0020039", "C0014394", "C0152198", "C0031212", "C0404521", "C0855242", "C0270611", "C0025323", "C0853011", "C0023380", "C1299624", "C0006444", "C0235653", "C0162830", "C0010520", "C0242422", "C0085614", "C0085612", "C1096340", "C0020514", "C0020456", "C0497247", "C0020459", "C0413252", "C0013604", "C0030583", "C0085688", "C0234047", "C0042514", "C0042510", "C0028734", "C0040188", "C0013781", "C0034065", "C0037763", "C1456784", "C0522224", "C0149741", "C0024228", "C0234952", "C0234953", "C0233565", "C0027932", "C0023530", "C0002884", "C0878544", "C0022104", "C0022107", "C0004144", "C0024894", "C0027769", "C0595877", "C0151865", "C0012813", "C0021177", "C0027609", "C0151907", "C0001824", "C0020672", "C0013132", "C0086543", "C0020676", "C0151888", "C0151889", "C0010399", "C1142135", "C1306341", "C1258215", "C0857494", "C0039971", "C0686347", "C0424295", "C0008489", "C3665347", "C0857305", "C0344232", "C0011071", "C0030662", "C3263723", "C0235660", "C0009946", "C0005697", "C0020550", "C0029882", "C0403632", "C0040460", "C0235146", "C0037315", "C0033046", "C0340726", "C0015732", "C0015734", "C2979982", "C0699828", "C0156404", "C0030567", "C0013378", 